{
    "lambda": 0.005623414004034708,
    "init": null,
    "maxit": 5000,
    "reltol": 1e-07,
    "score": 3.042702500789879,
    "message": "CONVERGENCE: REL_REDUCTION_OF_F_<=_FACTR*EPSMCH",
    "status": 0,
    "nit": 37
}