,TP53 (M),TERT/5p (Amp),MCL1/1q (Amp),KRAS (M),EGFR (M),Seeding
0,-0.01970727364900426,0.35218873313977955,0.4233640378728743,0.5819166842414641,0.9270752312649405,1.1144749667668703
1,-0.11568860124594256,0.1698665566935228,0.09335671289773739,-0.05250080430913393,0.3620593371601764,1.3146116134845218
2,1.5874510308870171,-0.9520473591250869,-1.017758337647759,-0.2551866394504288,0.1876703851432414,0.09835118702619348
3,0.4957359321185626,0.2756022983692889,0.6081874139047577,-0.9669053867049999,-0.07559209725916814,-0.11233114412033834
4,0.01597760671243294,0.12608576330777146,0.19620343902932963,0.0015400695573650862,0.2008592887675059,-0.006266851062363329
5,-1.5999021255775943,-0.7663660916815582,-0.8856800966845518,1.8476670805689148,-4.284955021508364,-0.6008856780271093
6,-0.47271659644247205,-1.5377548323049122,-0.48392442652728684,-4.0856062580053125,1.7807849815666754,-0.4847406382347246
7,0.1991084996352771,-0.08164236342135509,0.0013906593258877133,-0.4336964773834489,-0.20073529516038738,1.5701101217672038
