,P.TP53 (M),P.TERT/5p (Amp),P.MCL1/1q (Amp),P.KRAS (M),P.EGFR (M),Seeding
0,0.11484867183361676,1.1412694353417143,0.2600669441354383,1.8256380903437803,0.21573988248052683,1.7166937047819208
1,0.0684836168014108,0.8276457421567476,0.029681621205240684,0.28847663132852147,-0.2217530280222343,1.5277428666546653
2,1.3837325333060835,-0.542854848751564,-0.14951363546666008,-0.811702184534244,-0.33630769640489044,0.06449880831770095
3,0.3566024719892688,0.014691844045616978,0.7698073429884106,-0.29848250615480776,0.11750427574934436,0.2106598724974387
4,-0.22611908820155144,0.7716655096815974,0.4863580929732744,0.2546207403292265,-0.0986604192393832,0.1512397854108939
5,-0.6671356905223287,0.2061040973885376,0.6158718254767822,0.7701108731996307,-3.0044500357606743,-0.7408737990603249
6,-0.8230255709600938,-0.9048174959948747,-0.6915022775805983,-3.025723711946061,0.9209702087428734,-1.623311740386635
7,0.0460627366209397,0.7604064848341062,0.43293152529684104,0.8409006564303108,0.13906389765949312,0.9490043455187369
