{
    "lambda": 0.010000000100000003,
    "init": null,
    "maxit": 5000,
    "reltol": 1e-07,
    "score": 3.0524847872432637,
    "message": "CONVERGENCE: REL_REDUCTION_OF_F_<=_FACTR*EPSMCH",
    "status": 0,
    "nit": 135
}