{
    "lambda": 0.010000000099999996,
    "init": null,
    "maxit": 5000,
    "reltol": 1e-07,
    "score": 3.0616117780363923,
    "message": "CONVERGENCE: REL_REDUCTION_OF_F_<=_FACTR*EPSMCH",
    "status": 0,
    "nit": 113
}